first_name,last_name,email,rating
Joseph,Savage,richardlevy@example.net,4
Bobby,Donaldson,krauseamy@example.org,2
Angelica,Jarvis,esandoval@example.net,2
James,Boyd,qroberts@example.org,4
Nancy,Paul,rodriguezbruce@example.net,3
Ellen,Johnson,mitchelllisa@example.org,1
Karen,Houston,ghampton@example.net,2
Michael,Bell,ariaskevin@example.net,2
Kimberly,Becker,andres63@example.org,2
Robert,Valdez,sharon84@example.net,3
Carrie,Oneill,kingjennifer@example.org,5
Dustin,Blevins,jason20@example.com,1
Victoria,Fritz,nelsonchristopher@example.net,4
Theresa,Mckee,timothylowe@example.net,2
Sabrina,Robinson,chill@example.com,2
Danielle,Mcdaniel,robertdavis@example.net,3
Angelica,Zimmerman,adamscourtney@example.org,3
Stephanie,Stewart,amber46@example.com,1
Ronald,Sharp,jaimehodge@example.org,3
Amanda,Roberson,cherrykatherine@example.net,3
Amanda,Smith,davismegan@example.com,4
Robyn,Green,gregtaylor@example.org,2
Jennifer,Brown,jose88@example.com,2
Cynthia,Johnston,fbarber@example.com,2
Janet,Arroyo,tonya94@example.org,2
Aaron,Johnson,elucas@example.com,4
Victoria,Rhodes,sabrina77@example.org,4
Susan,Morales,ksilva@example.net,2
Lisa,Quinn,lisa11@example.com,4
Elizabeth,Perez,georgemartin@example.net,4
Donald,Hull,benjaminsmith@example.com,2
Michael,Davis,jasondecker@example.org,5
Jonathan,Carroll,charlesmurphy@example.net,4
Jeff,Martinez,megan76@example.org,2
Bailey,Cochran,paula86@example.net,4
Glen,Stevens,vramos@example.net,4
Jack,Perez,kroberts@example.com,3
Lori,Gray,wolfejose@example.com,4
Christopher,Miller,coxanthony@example.net,3
Kathleen,Collins,morganwilson@example.com,2
Haley,Thomas,wpowell@example.org,4
Kimberly,Scott,campbellmichael@example.com,1
Devon,Gonzales,ramosnathan@example.net,5
Andres,Gilmore,brandonmartin@example.net,3
John,Johnson,whiteclinton@example.net,2
Joseph,Hernandez,gina09@example.org,2
Elizabeth,Jensen,mcguirechristina@example.net,4
Peter,Taylor,xbradley@example.com,2
Barbara,Bond,bowmanlee@example.net,4
Leslie,Morgan,kmeyer@example.net,5
David,Haley,brandigray@example.com,1
Brian,Davis,fscott@example.net,1
Alex,Gonzales,gstewart@example.net,2
Jenny,Vazquez,stoneian@example.org,1
Jennifer,Rodriguez,alexandra07@example.net,2
Miguel,Hardy,kennethgordon@example.org,4
Amanda,Foster,veronicayang@example.org,3
Margaret,Rose,richard68@example.com,1
Megan,Santos,klinedenise@example.org,2
Regina,Torres,mduncan@example.com,3
Michael,Jones,lori61@example.net,3
Jason,Cortez,ronaldwalker@example.net,1
Samantha,Brewer,castillonatalie@example.net,1
Christina,Macias,mark10@example.com,4
Cheryl,Hurst,powellrachel@example.net,5
Gina,Phillips,barbara72@example.org,3
Shannon,Kaiser,riveraedward@example.org,1
Katherine,Johnson,guerratristan@example.net,3
Justin,Adams,malonejesse@example.org,3
Megan,Torres,hsimon@example.com,1
Samantha,Bell,lisaellis@example.com,3
Lance,Bowman,sarahfrey@example.com,4
Daniel,Peterson,xbrown@example.org,3
Jennifer,Lyons,serranojesse@example.com,1
David,Cervantes,david23@example.net,1
Charles,Jones,joshuawilson@example.net,2
Ryan,Bullock,johnsonjeffrey@example.net,2
Michael,Jennings,rlynn@example.org,4
Jamie,Duran,elizabeth21@example.net,4
Sydney,Koch,todd82@example.com,2
Erika,Mercado,cjones@example.com,2
Charles,Howell,maryreyes@example.com,1
Vanessa,Espinoza,christopher18@example.net,2
Jamie,Anderson,sandra19@example.org,5
Daniel,Camacho,emily18@example.net,3
Heather,Johnson,davidreynolds@example.net,2
Jeffrey,Simmons,jason49@example.org,2
Samuel,Carter,travisperez@example.org,5
Amber,Collins,christopher73@example.org,4
Crystal,Olson,williamsdanielle@example.org,3
Samantha,Smith,gary93@example.com,5
David,White,jasongoodman@example.com,5
Joseph,Jones,gabriellecollier@example.org,2
Matthew,Costa,smithsamantha@example.com,1
Rebecca,Lee,jennifer95@example.org,1
Nathaniel,Kelley,jennifercaldwell@example.org,2
Heather,Miller,bdavis@example.net,4
Luis,Hall,dorr@example.com,1
Debra,Reynolds,maryrobinson@example.org,4
Angela,Flynn,zdavies@example.com,5
Matthew,Patterson,brewerkatherine@example.net,2
Aaron,Douglas,krystal99@example.net,2
Pamela,Johnson,mccarthyalicia@example.net,3
Mary,Olsen,alvaradochristopher@example.net,1
Curtis,Hogan,luis82@example.net,4
Teresa,Gonzales,wlong@example.net,2
Mallory,Wilcox,bradley18@example.org,3
Shawn,Stewart,ageorge@example.net,2
Tony,Banks,stevenwong@example.com,2
Jacob,Miller,nkane@example.net,5
Seth,Harris,katelynsantos@example.com,2
Lisa,Bean,james96@example.com,3
Emily,Montes,jhoffman@example.org,3
Amanda,Kennedy,bshort@example.com,5
Kevin,Nguyen,pholmes@example.net,2
Nicole,White,mcmillankimberly@example.net,1
Paul,Pitts,kevinowens@example.net,1
Karen,Hernandez,beckerheidi@example.com,2
Christian,Fletcher,patricia44@example.org,5
Felicia,Rodriguez,johnsonedward@example.net,2
Jeffrey,Sampson,townsendjason@example.com,5
Natalie,Lester,jorgesmith@example.net,4
Christina,Irwin,jesse77@example.com,4
David,Walls,meaganrobinson@example.com,2
Kimberly,Mills,angelafuller@example.com,4
Benjamin,Dalton,thompsoncarol@example.org,4
Nathan,Brown,barry15@example.com,2
David,Johnston,dstone@example.net,4
William,Gray,williamssteven@example.org,1
Christopher,Oneal,russellmoore@example.org,1
John,Miller,jzuniga@example.org,3
Anthony,Smith,lutzlisa@example.com,2
Robert,Dennis,christinaward@example.net,1
Breanna,Mooney,hortonfrederick@example.org,3
Debra,Park,lewisnancy@example.net,1
Shelly,Kelley,rturner@example.org,2
David,Cox,sullivanjonathon@example.com,2
Gina,Soto,shelbynelson@example.org,2
Drew,Vazquez,toddcarla@example.org,3
Scott,Ramirez,justin08@example.net,4
Jeremy,Christensen,aespinoza@example.org,5
Marc,Lynch,marshallmichelle@example.net,3
Christopher,Thomas,stacywood@example.com,4
William,Graham,amanda96@example.org,1
John,Thornton,frenchmichael@example.org,4
Kelly,Martin,lanejulie@example.org,1
Amy,Robertson,griffithjames@example.net,4
Austin,House,wilsondouglas@example.net,5
Madeline,Turner,gina59@example.net,3
Matthew,Stevens,nlopez@example.org,3
Christopher,Grant,julia92@example.com,1
Nicole,Arias,lopezashley@example.net,5
Manuel,Torres,alexanderroberts@example.org,2
Jonathan,Williams,mcgrathelizabeth@example.com,1
Elizabeth,Levine,stephanie87@example.org,3
Logan,Copeland,webercharles@example.org,2
Adam,Shepard,tford@example.com,1
Matthew,Scott,brandonporter@example.com,1
David,Parker,thomaskelly@example.com,1
Angela,Long,adam59@example.org,1
Rebecca,Johnson,mitchell02@example.org,5
Mason,Murillo,coneal@example.com,3
Jeffrey,Brewer,rking@example.net,1
Joseph,Flynn,ashleyyoung@example.org,5
Sara,Jordan,rachelyoung@example.net,3
Katie,Malone,juan11@example.com,5
Jesse,Peters,osbornsamantha@example.org,4
Keith,Aguilar,rgriffith@example.org,2
Terri,Stephens,twheeler@example.com,1
John,Norris,garyperry@example.com,2
Melissa,Baird,bobbybryant@example.com,3
Catherine,Preston,johnstonbetty@example.com,5
Caitlyn,Anderson,tonybrown@example.com,2
Brandon,Hooper,williamslisa@example.com,5
Joanna,Anderson,emilyclark@example.com,1
Thomas,Garcia,alexis60@example.com,2
Sabrina,Hayes,olsontravis@example.com,4
Lauren,Black,cynthia34@example.org,5
Brian,Howe,brennanmaria@example.com,1
Allison,Campbell,lesterrebecca@example.net,2
Matthew,Mills,davidlester@example.org,2
Mariah,Cook,gonzalezjennifer@example.org,1
Meghan,Hunt,wbrooks@example.net,3
Kimberly,Scott,clarkekathleen@example.net,2
Jose,Villarreal,krystalgreene@example.net,4
Mike,Evans,martinjoseph@example.org,1
Brian,Jones,patricia78@example.com,4
Michael,Choi,reynoldssamantha@example.org,1
Nina,Jones,williamwhite@example.org,5
Crystal,Davis,nwalton@example.com,5
Donald,Greene,stephaniescott@example.com,4
Richard,Stewart,debrahowe@example.net,4
Stephanie,Casey,riley37@example.net,2
Jasmin,Monroe,richardsoncynthia@example.org,3
Matthew,Vargas,amandacampos@example.org,2
Carrie,Austin,ashleybrown@example.com,4
Marissa,Oneill,pettybenjamin@example.com,1
Tracy,Hartman,ryanyork@example.com,4
Benjamin,Summers,jmonroe@example.org,4
Hannah,Beck,vincent95@example.org,2
